INSERT INTO permissions (id, name) VALUES (1,'standard'),(2,'pro'),(3,'admin');
INSERT INTO users (id, email, password, username, permission_id) VALUES (1,'fulano@online.com','202cb962ac59075b964b07152d234b70','fulano',1);
INSERT INTO users (id, email, password, username, permission_id) VALUES (2,'beltrano@online.com','202cb962ac59075b964b07152d234b70','beltrano',2);
INSERT INTO users (id, email, password, username, permission_id) VALUES (3,'admin@online.com','202cb962ac59075b964b07152d234b70','admin',3);
INSERT INTO users (id, email, password, username, permission_id) VALUES (4,'fulano2@online.com','202cb962ac59075b964b07152d234b70','Nao sou um bot',1);
INSERT INTO users (id, email, password, username, permission_id) VALUES (5,'fulano3@online.com','202cb962ac59075b964b07152d234b70','Jo Soares',1);
INSERT INTO users (id, email, password, username, permission_id) VALUES (6,'fulano4@online.com','202cb962ac59075b964b07152d234b70','Freddie',1);
INSERT INTO users (id, email, password, username, permission_id) VALUES (7,'fulano5@online.com','202cb962ac59075b964b07152d234b70','ジョセフ・ジョースター',1);
INSERT INTO users (id, email, password, username, permission_id) VALUES (8,'fulano6@online.com','202cb962ac59075b964b07152d234b70','Sandy',1);
INSERT INTO users (id, email, password, username, permission_id) VALUES (9,'fulano7@online.com','202cb962ac59075b964b07152d234b70','Junior',1);
INSERT INTO users (id, email, password, username, permission_id) VALUES (10,'fulano8@online.com','202cb962ac59075b964b07152d234b70','Sakura',1);
INSERT INTO users (id, email, password, username, permission_id) VALUES (11,'fulano9@online.com','202cb962ac59075b964b07152d234b70','Samuel Silva',1);
INSERT INTO users (id, email, password, username, permission_id) VALUES (12,'fulano10@online.com','202cb962ac59075b964b07152d234b70','R.I.P. Probex',1);
INSERT INTO users (id, email, password, username, permission_id) VALUES (13,'fulano11@online.com','202cb962ac59075b964b07152d234b70','Menino do cachorro',1);
INSERT INTO posts (id, content, date, title, author_id) VALUES (1,' ̿̿ ̿̿ ̿''̿''\̵͇̿̿\З= ( ▀ ͜͞ʖ▀) =Ε/̵͇̿̿/’̿’̿ ̿ ̿̿ ̿̿ ̿̿',now(),'( ͡° ͜ʖ ͡°)',1);
INSERT INTO posts (id, content, date, title, author_id) VALUES (2,'dolor sit amet, consectetur adipiscing elit. Sed facilisis porta mi, nec bibendum sapien blandit vel. Ut placerat massa eu dolor imperdiet, in rutrum odio egestas. Cras mollis eros varius, lobortis quam sit amet, dictum lacus. Interdum et malesuada fames ac ante ipsum primis in faucibus. Donec cursus quis enim nec semper. Sed auctor porta pretium. Fusce egestas semper turpis vel porta. Nulla vulputate ligula in fermentum tincidunt. Sed vel quam gravida, aliquet odio et, semper risus. Aliquam eu purus suscipit, congue ipsum et, porttitor quam. Aenean ante est, consequat eu luctus quis, tincidunt nec mi. Duis imperdiet metus id velit aliquam, ut imperdiet dolor elementum.',now(),'Lorem ipsum',5);
INSERT INTO votes (user_id, post_id) VALUES (2, 1);
INSERT INTO comments (id, content, date, author_id, post_id) VALUES (1,'voce tem razao!!!',now(),5,1);
INSERT INTO solutions (id, content, date, author_id, post_id) VALUES (1,'resolvido. confira solucao no link: http://pudim.com.br',now(),2,1);